id_cancion,titulo,artista,genero
ab9478bb-cf9b-4ccc-8abc-dcc14fae8707,Decentralized value-added collaboration,Juan Luis Guerra,Salsa
4054d4e4-2aba-46d8-8809-b95556483b58,Operative leadingedge core,Maluma,Electrónica
471a89f3-1f49-4758-b143-6796cefb8bfb,Inverse exuding parallelism,Bad Bunny,Bachata
e9886baf-4843-4948-bfa7-326d44fbcc90,Open-architected multi-tasking intranet,Nirvana,Reggaeton
118ae5f0-7f16-459d-bed5-b75cf9e61115,Expanded high-level initiative,Madonna,Salsa
c87db443-75f8-40d9-97d1-3e1086319800,Advanced impactful process improvement,Shakira,Hip Hop
e8ebe97d-49fa-4e81-b454-65c4c3dea811,Networked scalable core,Michael Jackson,Electrónica
a4ab6fc1-fabd-4432-babd-9f8dc72f515b,Multi-tiered scalable groupware,Queen,Salsa
3c759c5d-bf6e-4c0f-a771-3a4ce83c0143,Distributed directional forecast,Madonna,Hip Hop
114fdebe-6531-4fb9-8d39-70d33a9d46cd,Progressive multimedia secured line,Karol G,Salsa
3f23af29-ffa4-45f9-bdd0-ad06c313b072,Switchable content-based middleware,Maluma,Electrónica
7468eda1-18cb-4842-acfc-2d883bf74189,De-engineered composite artificial intelligence,Shakira,Merengue
25e70ffc-0d85-442f-8d06-8b82825b43eb,Robust dynamic moderator,Soda Stereo,Clásica
b43fdec8-ccf3-4188-9cf1-64c9743977d6,Profit-focused cohesive customer loyalty,Karol G,Reggaeton
bd2ede9c-0892-48f7-999b-b902179c5937,Seamless reciprocal function,Karol G,Bachata
5b6c37e2-4662-4ab1-b2a4-0cfbe5db0f09,Centralized executive utilization,Maluma,Clásica
57ba8eb8-b981-496c-9cdc-23b6aa2d253a,Polarized human-resource database,Nirvana,Hip Hop
d9482741-7cb1-41be-8b27-8c4db7f9dc77,Operative analyzing customer loyalty,Soda Stereo,Merengue
93e94a63-4ad9-4670-81d8-65a9d7cab9ad,Sharable holistic strategy,Bad Bunny,Merengue
0870fd20-68e7-4a9f-8eca-71d82b8130bd,Visionary analyzing hub,Karol G,Bachata
344becec-5125-4f8a-a3c4-19aa19d9d823,Triple-buffered explicit utilization,Shakira,Electrónica
2196d7df-7e42-407e-a47c-6b6d549bbbc5,Front-line directional algorithm,Michael Jackson,Pop
ecab567c-9e35-410e-b5ca-38ce789afaad,Proactive explicit utilization,Nirvana,Merengue
bf9a5773-ebe9-4280-8fb1-03473e44ef8f,Secured value-added monitoring,Soda Stereo,Hip Hop
695f8c7f-4146-4490-af5e-2b050f674325,Cross-group maximized ability,Rubén Blades,Bachata
f94f5ec6-a490-40df-9398-5db832004b44,Extended eco-centric database,Madonna,Jazz
86602136-5129-46bf-b5db-b8b7769ac1a1,Operative 5thgeneration open system,Michael Jackson,Salsa
f06f0feb-5d96-42a2-a376-637224b1dc5e,Robust transitional workforce,Michael Jackson,Electrónica
1166672e-afa5-4b58-bd21-fbba0a190778,Inverse systemic forecast,The Beatles,Merengue
2ca05716-7397-45c1-86c7-a07d5a97fef2,Mandatory intangible orchestration,Soda Stereo,Pop
a2550fe4-52e1-44d3-86cc-e090712abe3e,Digitized didactic monitoring,Michael Jackson,Merengue
77c89160-4940-4c9c-9638-92d9121721c8,Managed regional focus group,Karol G,Salsa
f6405313-c879-49bd-af97-4b6e84d9202e,Innovative zero tolerance intranet,Bad Bunny,Jazz
27e33633-90b1-4ecf-a790-bd2254f997c8,Open-architected composite parallelism,Nirvana,Salsa
2d29dc04-8a1c-45e0-87a7-e7ecf6d9ed08,Quality-focused bandwidth-monitored system engine,Bad Bunny,Salsa
930cbeda-f6a7-47df-9799-353c28b6912e,Reverse-engineered attitude-oriented system engine,The Beatles,Clásica
cdecf7c7-3d14-469b-a6fd-b8a4f24197eb,Persistent asymmetric conglomeration,Juan Luis Guerra,Bachata
463f75f9-25f3-4254-ac13-5961c0dd4ac7,Extended secondary intranet,Shakira,Bachata
9d25900c-4287-49a7-b76f-0bfac7496587,Function-based radical application,Maluma,Reggaeton
94cd7c60-a593-43ec-9e57-41d92c9a4b02,Phased explicit contingency,Shakira,Salsa
4930dc2c-8134-4fd3-9d14-af48c876a2ab,Organized impactful project,Michael Jackson,Bachata
936941e6-b389-43d1-b9d2-f77c460f5a46,Inverse bottom-line database,Rubén Blades,Merengue
8605c037-6c09-4351-8509-4b0e94ee1ea7,Right-sized hybrid productivity,Karol G,Rock
797bc174-fa2b-4bc6-bc89-e5e3e60dd2ec,Persistent eco-centric knowledge user,Rubén Blades,Pop
e6280c30-566c-4e6c-b068-88132b3c04b7,Cloned exuding protocol,Michael Jackson,Bachata
2c4ea2f8-28bb-4664-8551-e1df06c2e915,Profound needs-based knowledge user,Michael Jackson,Pop
a537c639-26f8-410b-82b7-c8014ecfc1db,Polarized even-keeled open architecture,Bad Bunny,Merengue
5b309e53-45cc-4d0d-93c5-725ca1a16246,Robust 3rdgeneration hierarchy,Maluma,Electrónica
f88bf2a4-89a3-4ec4-919b-a795ecf27dd0,Enterprise-wide value-added synergy,Queen,Merengue
84edf581-08b7-4220-baab-2fe2d352b743,Stand-alone disintermediate encoding,Madonna,Salsa
5c3aeec1-dffe-4a44-abd6-1f1ff0de6402,Vision-oriented intangible matrices,Bad Bunny,Electrónica
1b543880-1f49-4d80-9491-79a3ef3d4ab3,Progressive explicit help-desk,Juan Luis Guerra,Merengue
66e6d64b-9ddc-4e49-b914-4111f29c94f4,Realigned solution-oriented customer loyalty,Bad Bunny,Hip Hop
f13da240-e23e-4bdd-9720-c9c2f220ea20,Digitized 24/7 product,Soda Stereo,Reggaeton
5997994e-4c2f-4bab-9250-b7a4a9ac59b8,Diverse asymmetric ability,Bad Bunny,Reggaeton
3fd98735-e488-45a5-9167-5b1aac182f08,Adaptive responsive flexibility,Juan Luis Guerra,Salsa
b5923f6e-a984-4b4f-a24f-3fa893c85874,Centralized holistic software,Soda Stereo,Electrónica
b632fbfa-7b5a-40da-869a-5f274e59c943,Centralized neutral hierarchy,Bad Bunny,Jazz
f39a89ce-9682-417b-a06d-359e79f6d3ca,Business-focused directional system engine,Shakira,Salsa
558fa36a-2381-4434-96aa-dfa97ad86d02,Assimilated optimizing monitoring,Michael Jackson,Bachata
fafe4b10-a7d5-487c-93d8-be1f479f38be,Synergistic national throughput,Karol G,Salsa
2684242d-c693-477f-8b27-55d3d5a1a390,Monitored regional Graphic Interface,Maluma,Hip Hop
49325294-9f6b-46f6-ac8e-75e8150da5ff,Compatible 24/7 knowledge user,Shakira,Electrónica
32cedc31-41ce-423c-bf54-a9b2c57cad57,Grass-roots executive toolset,Soda Stereo,Rock
76c3fdad-472b-48c3-8917-f96b327aff54,Organized reciprocal conglomeration,Queen,Hip Hop
82c7d71a-b420-4eed-9683-f17c8222a24b,Polarized upward-trending intranet,Bad Bunny,Jazz
d9f99fa5-53da-4137-a74a-752148b048b7,Ameliorated modular support,Shakira,Electrónica
67f7ea8c-8a5c-4089-aff0-54bf46578c07,Sharable optimizing alliance,Soda Stereo,Electrónica
dd905d8d-c76c-482c-9640-4f3dfae6965a,Front-line hybrid support,Shakira,Electrónica
36dcd917-b6a8-4531-a563-8ec4731dfef2,Centralized optimal concept,Juan Luis Guerra,Rock
69d26b48-cc3e-41e0-aadf-d3d6fcac4b79,Organized demand-driven instruction set,Soda Stereo,Rock
889df2d2-d102-4d73-8940-93d2a7f0a78b,Exclusive neutral protocol,Karol G,Salsa
7c243744-5cfe-41d8-9964-af7b5d0805c2,Visionary 24hour application,Soda Stereo,Clásica
f42cb82f-1d5e-44fa-a54c-b0f4ad438946,Future-proofed tangible neural-net,The Beatles,Reggaeton
5fd14cb1-c242-4f11-afdf-7fbd6d50c599,Customer-focused system-worthy hub,Juan Luis Guerra,Electrónica
549f7734-ea71-4042-92e2-f2427f26c9ff,Horizontal client-server paradigm,Soda Stereo,Electrónica
206aa247-2441-4c25-b8a8-9c0280f30eda,Persistent contextually-based matrices,Juan Luis Guerra,Clásica
096b3c91-07fa-4f3b-9662-e4f9cc65ab8d,Inverse demand-driven knowledge user,Karol G,Clásica
10c1ce92-79e4-431b-b727-fea9a801cfc4,Secured motivating policy,Soda Stereo,Reggaeton
90b9e82b-42d3-4cd7-81be-a066b3bfa81a,Enhanced composite matrices,Shakira,Jazz
467842ec-cab8-4f0b-89f1-0508e65bac9a,Balanced actuating archive,Nirvana,Merengue
026dce13-5f7e-4736-bd6c-2c4279cc4722,Up-sized intermediate project,Shakira,Reggaeton
1d29a9be-7ca3-49cb-ae9a-9124e63f2d0a,Focused 24/7 Internet solution,Maluma,Electrónica
b36b8f67-ef32-4a9d-a69d-b012db03b763,Polarized secondary migration,Michael Jackson,Electrónica
6e58eb7b-0396-44f2-949f-d126b94af65e,Enterprise-wide holistic projection,Juan Luis Guerra,Pop
3272521b-a579-46ad-9e80-97935da869f8,Balanced next generation algorithm,Michael Jackson,Salsa
0b2b21c9-acab-4594-a0c1-121d220adfb4,Compatible empowering core,Bad Bunny,Electrónica
5ef4579c-3eca-49b3-abd4-b41fa2126ba4,Polarized next generation Internet solution,Rubén Blades,Bachata
a6e96fa2-f843-4da6-a245-25e83b09a151,Intuitive dedicated knowledgebase,Queen,Jazz
745b39a4-e7d8-4821-a1ad-688717668641,Ameliorated regional implementation,Karol G,Bachata
99a8e4e4-3a20-4dc5-9b0d-a9abe6f10c35,Fully-configurable dedicated model,Michael Jackson,Pop
0db3a73f-905d-45e6-b5ce-a4792cb4eca5,Balanced upward-trending website,Karol G,Merengue
0b435ed8-a9bc-4503-8737-80bd98a94dad,Focused full-range hardware,Queen,Salsa
bf8cf7b2-23a1-482b-a98c-b34a25610c33,Cross-platform non-volatile adapter,The Beatles,Clásica
824e5401-2b63-43fc-b929-a3f7188ee582,Organized zero administration throughput,Michael Jackson,Hip Hop
fa4539a1-e5e5-42cf-bae0-144ce64e8a71,Networked reciprocal customer loyalty,Nirvana,Clásica
db47372f-25c1-4f74-843f-ed0d56a4f28c,Pre-emptive demand-driven project,The Beatles,Merengue
16eaa7c1-4a16-471c-b41a-fa426a9357ca,Re-contextualized leadingedge installation,The Beatles,Reggaeton
a0ab5db4-fd33-4f03-82ae-e60c5711af44,Multi-channeled bi-directional initiative,Madonna,Electrónica
66aaa092-d59f-4384-9a56-55486dba6323,Mandatory tangible superstructure,Madonna,Electrónica
